Year,Genre,MIR_pc_1,MIR_pc_2,lyric_pc_1,lyric_pc_2,lyric_range,MIR_range
1974,R&B,-26.97399798635469,-4.900027113567677,-0.059796550905691165,-0.26926459474649017,20.287366390228268,7.934999164258017
1975,R&B,-22.643094927666656,-5.694634461728137,-0.4454639371353903,-0.5539177693120385,23.00593328475952,9.385545424406013
1976,R&B,-20.674816668776895,-2.529864855906611,-0.26169056320320266,-0.9543487625331121,20.232688903808594,4.97703456054426
1977,R&B,-14.644272158960561,4.5963598716337835,-0.3636496831958339,-0.9443500382855463,22.23654413223267,5.979863934124871
1978,R&B,-11.951474661737443,-1.356115392945392,-0.43498924740637473,-1.0998910291935398,16.90322732925415,7.874171747239607
1979,R&B,-3.616456475296881,2.773276171995786,-0.4317160811690159,-1.3672700684734294,16.36183738708496,8.170391573228937
1980,R&B,-1.830163432897981,0.30366998329672956,-1.2342283456381509,-0.7407368721113545,17.573678970336914,8.248173206555608
1981,R&B,0.8293517546663888,-3.742633661950792,-1.5131550710494066,-0.7677716567187165,17.302001953125,4.3609593070724095
1982,R&B,2.0120506992276845,-2.1512324765614337,0.049877131869034766,-0.9002532301232439,18.114335060119632,3.7008360238742797
1983,R&B,10.000132674806867,-1.2620596060607048,-1.180078782408685,-1.2073670780466528,17.512994766235348,6.243786977469088
1984,R&B,10.177736660307374,1.76641549982887,-1.032521836661753,-1.1543981755899686,11.919705390930176,3.5108473163628515
1985,R&B,12.171335534142761,2.563622936933548,-0.9280556499001985,-1.0014517768678084,16.224534034729,4.024446302863022
1986,R&B,18.41957907212573,-2.7980637309083405,-1.3252933418989006,-0.9744946300264944,16.587802886962894,6.490992840550426
1987,R&B,18.252655834115046,-2.2934515425525714,-1.4055569308898537,-0.8105061100537003,12.049041748046875,3.676873856829978
1988,R&B,19.977176838288933,-2.114732654598249,-1.3664162437883234,-0.9059720659472565,12.6043062210083,5.166924480198877
1989,R&B,23.19786171373536,2.6764512004323544,-1.4191577215586513,-1.069539946606775,19.64255523681641,8.163676288352839
1990,R&B,27.101421656013304,0.3945558836550253,-1.461368256211755,-1.1214536323841309,12.71875953674317,6.425899661269912
1991,R&B,26.318326828645983,-1.4286104199357499,-1.3788629110898505,-1.0895540544631799,11.055170059204103,5.685744163572389
1992,R&B,26.073866758046396,-1.317130226885466,-1.3676149376301558,-1.1714387617564357,15.510459899902346,10.216979607516855
1993,R&B,29.918471282726173,-0.441325896312433,-1.1442111439898992,-1.6021358943994124,19.644657135009766,7.345726230211039
1994,R&B,31.782334549650475,2.9581591187692418,-0.9659287163177553,-1.655397496883898,12.524806022644045,3.82941691248838
1995,R&B,23.415245792870074,-2.3631708266279428,-1.2599330570806544,-1.7171210078844032,12.912927627563475,3.620237318103228
1996,R&B,33.850409167758045,-4.54990186113019,-0.5454490688080017,-1.306615590642383,11.362631797790527,6.2724751514674
1997,R&B,23.666474091643966,5.254777185626985,-0.37678814114051146,-1.7044452481772483,11.595176696777346,4.153950959328841
1998,R&B,18.11999239014007,6.0124745825435335,0.3135245923597604,-1.5507070426274159,11.95887279510498,5.0193932198574736
1999,R&B,19.7302044538472,-3.8992989480912765,-0.2607660525364945,-0.28055155943416077,13.941009521484375,6.940981870013699
2000,R&B,26.753590868331028,2.9273278668065537,1.3917962776747734,-0.2743632441433315,16.237753868103027,5.8795490097999465
2001,R&B,22.125671177383733,-0.1413118595107542,1.2776969442761994,-0.8713753851444902,16.001812934875492,4.2855307230217035
2002,R&B,13.004263748904057,-7.297601015412093,0.25250853831521863,-0.6516634607163846,13.574535369873047,7.198953568583312
2003,R&B,18.124956240076557,-10.408241695734368,1.2718587293438932,-0.7241709876876136,12.784193992614748,5.952718510781264
2004,R&B,18.263418029910177,-6.607193970921349,1.5174740484407434,-0.9542049964482945,9.55974197387695,7.002869230024708
2005,R&B,7.160246640943318,-3.5089817511672363,2.0897090093927475,-0.36813884017445686,14.197549819946294,5.146280211378749
2006,R&B,4.569958728207586,-2.1809655732668713,2.5987342511721487,-0.3504081862511996,10.591653823852539,4.550782943387851
2007,R&B,14.429740071179774,-1.7290650581213303,1.6639977505953476,-0.6941470830620459,14.535744667053216,3.768164822469371
2008,R&B,18.410508265212307,1.166041293584432,1.5640177635309673,-1.0865694390997818,10.540950775146484,6.329631583782513
2009,R&B,13.516339415541193,2.6560921501738015,2.0329410716629543,-0.7267993303078613,12.756662368774414,3.982429195724808
2010,R&B,7.506166303951935,-0.6914090346260788,2.1996448466085954,-1.1198466802288944,8.532545089721678,3.497203023720302
2011,R&B,8.759537854429981,-1.1975957041790577,1.538861956946142,-0.8872965476844137,13.644063949584961,5.620938179410641
2012,R&B,13.264038282796022,6.316469814494801,0.46382294637246313,-1.112897198140805,13.858374595642088,3.1957593329591525
2013,R&B,17.045866965660423,5.806032434607613,2.1403944257140495,-1.5137262232181161,8.186428070068361,3.1202880642242588
1974,Country,-56.272289515445486,-6.882735438486788,-0.512187622254184,1.1214101554753715,11.203628540039062,6.06251582718555
1975,Country,-49.91591761234493,-10.09036274699554,-0.7994904900501874,1.2062116801167153,10.495405197143553,6.8214332287651445
1976,Country,-23.343819860325056,-7.004349780806895,-0.5046605409969891,1.2167512517629882,11.119367599487305,6.451698947802199
1977,Country,-44.437658782794735,-4.073861107063919,-1.2979936935518508,1.234626968303243,10.767990589141846,4.781568938979588
1978,Country,-29.405796933461325,-13.592318723128619,-1.4542199527346515,0.4662979687918331,8.092348098754883,7.725806040312178
1979,Country,-24.249033719762945,6.547761672160441,-1.5007504043841375,-0.11913179922798131,10.34899520874023,5.9361211124797455
1980,Country,-22.055162772477473,-11.485176275022113,-1.2305147150015403,1.3132509898604212,8.609246253967285,7.118879769476327
1981,Country,-32.704980236320566,0.2572185264455841,-1.6119687788105401,0.3316287023781463,9.631574630737305,8.250514065090579
1982,Country,-25.853960928869682,2.8078309759119113,-2.1188022736206107,0.4124542460239271,7.963225364685059,4.786260204532418
1983,Country,-13.253419265524668,3.154157271913334,-1.5437046417369693,-0.07366382254805269,8.511110305786136,7.661440082613081
1984,Country,-6.385778226424326,2.1303704834781905,-1.9171373710228217,-0.2083180205181475,9.625042915344238,3.046159191961245
1985,Country,-2.217469129492722,16.93151303793762,-1.7935672908103157,-1.4131852162588385,3.5633068084716784,2.845295608453453
1986,Country,14.50865861666146,53.87943547357122,-4.841618490194035,-0.7888705964213074,0.0,0.0
1987,Country,30.137358972351933,-16.338909865719618,-3.299382133350569,-0.6113484090452447,0.0,0.0
1992,Country,30.088967271626355,4.309099175326645,0.41563805065122617,-0.0904418136136069,5.973313331604004,2.550067119842823
1993,Country,-22.546734050491725,4.5548808154627585,-1.430469390063775,0.6061257571607892,7.403882026672361,2.570833737872858
1994,Country,-17.519940300210553,2.509903711275421,-0.20455489542440145,0.950732496902423,8.619651794433592,3.3058772140433508
1995,Country,-4.380961803262689,9.556887903094847,-0.5484989987202827,0.3949581611862191,6.121272563934326,2.326093738408297
1996,Country,-12.412564596742564,-3.1743967110095084,-0.39145501429839336,0.9304348530407093,5.429473876953125,1.5921241708111515
1997,Country,-13.145926776393457,0.38892885685109263,-1.4605909597037465,0.2542221400409138,8.063426971435549,4.495190243266162
1998,Country,-14.665395216923512,-1.9810788554846337,-1.7425110003116082,1.283314153279992,8.23521614074707,8.081342382661857
1999,Country,-15.835177008071959,3.213680654049643,-1.056809320627273,1.095955037963323,8.684413909912108,4.6676957216679105
2000,Country,-1.3932944768974405,0.7953048200503853,-1.2180760462748195,0.8060500548298667,10.045201301574707,7.790147844192778
2001,Country,-4.827552143302362,2.4167965476979467,-0.6628024466971494,1.5565174037571188,6.506070137023926,6.086464959429461
2002,Country,4.094517693308561,3.013631948789266,-0.857328791919796,1.4043218515350326,7.683539390563965,5.271264085500082
2003,Country,5.178062104894524,0.6290252081959752,-0.31650839221596794,1.7628847772472422,8.445305824279783,4.813455559727111
2004,Country,-1.1961019948571476,3.121576011717745,-0.2954206522066334,1.3565252211453094,8.782675743103031,3.9206525950587814
2005,Country,3.877883214308609,6.306279639612385,-0.03786132753136881,1.3110692415070955,9.242233276367186,7.363893301753285
2006,Country,-5.588290794003633,5.63740752017278,-0.44394301551884235,1.1822411926424639,13.15989875793457,6.8978056234282015
2007,Country,4.201619491636332,9.719524928836412,-0.27517609047066516,2.0253363360433982,8.076272964477543,3.8899316527392527
2008,Country,3.63379491363816,10.131772607463637,-0.09812668435925628,1.6940502741774837,12.42205047607422,6.277420242324634
2009,Country,-2.949308396095759,6.012849510223174,-0.21616006847682478,1.0602430833714969,8.509856224060059,6.021342062483545
2010,Country,5.597824814887031,10.75122738788619,-0.2666800624816603,1.0911891988959639,8.389107704162594,5.135112124716037
2011,Country,-5.445319615454926,4.311971158707484,-0.5936368202405751,0.851135731263416,7.128208160400393,19.32345977349816
2012,Country,-0.8608361320808786,2.7516654438420667,-0.3282059960050767,0.8373438902338423,9.865534782409668,11.75386965099682
2013,Country,3.4954210550331117,13.848282157926818,-0.0008962856218668382,0.6396660471924208,7.133103370666507,7.4062125273453665
1974,Blues,-29.626221287676675,5.283548751874632,-0.9898962098782479,1.3803632332271571,6.467855453491214,0.6465582488610222
1975,Blues,-31.05044794954842,-16.48702737364162,-0.22342810905013852,-1.1938622638478862,0.0,8.881784197001252e-16
1977,Blues,28.865285144448873,-7.054332583138343,0.6261384334780846,2.4999467494343803,0.0,0.0
1978,Blues,-13.711595448448504,-20.562112737223273,-0.8208313869843092,-6.151416653058151,0.0,0.0
1981,Blues,-30.610989790367466,-3.531965855343881,-0.7547803422488248,-0.7631429180820134,0.0,8.881784197001252e-16
1983,Blues,3.7927813181372922,-25.755857386174274,-0.39922637359103125,-1.725105400028497,0.0,0.0
1985,Blues,-12.556762757093322,-9.324813078653928,0.7995804215204619,0.175491293045606,0.0,0.0
1987,Blues,20.657048281988697,21.09099676229757,-0.13975425673831657,2.3481473531202575,0.0,0.0
1988,Blues,-0.9093773783466164,-4.616804250795752,-2.1452188049790477,0.8038693819239902,0.0,0.0
1990,Blues,63.82031560071496,-24.27145216650716,-1.39461689960686,0.49562459251631547,0.0,0.0
1997,Blues,84.28028446709901,-28.68965466742927,2.0102861315543015,3.5559322092362766,0.0,0.0
1974,Rock,-25.93328163870234,2.823219309770735,-0.13417550933905195,0.469157343705611,29.058836936950684,16.049469338671365
1975,Rock,-24.268286327544235,2.553377655603293,-0.39136667062477665,0.33954295833263176,22.941304206848145,7.851823663186178
1976,Rock,-21.353557898865148,2.6935006592993447,-0.42479223912347247,0.08919257705965054,26.39486837387085,7.849284106499447
1977,Rock,-20.507393639268233,1.8197335323405635,-0.6722610052462081,0.20691835244386655,27.10632705688477,8.662248535933065
1978,Rock,-12.797287446101613,1.471719306428561,-0.9177431526731638,0.2865388014564852,27.39571833610535,9.375076398940307
1979,Rock,-10.469954146710917,3.5730169444342725,-0.6783889606533903,-0.11811095352450443,24.84796905517578,8.831844047915485
1980,Rock,-11.937916141325909,7.59331293694677,-1.0445532796503882,-0.04515832897886595,15.663652420043945,9.411578652328908
1981,Rock,-8.569783745586678,1.984682623611649,-1.155151731785732,0.11245813512191138,21.55733633041382,8.165306200950884
1982,Rock,-12.191515938065939,3.7680625535806773,-0.852539042356732,0.3022046175216332,24.04680347442627,11.839717289858491
1983,Rock,-1.8672580084875074,8.103082174996114,-0.8873980393219354,0.45950532816268036,18.158526897430423,10.27171437244752
1984,Rock,3.873170602103498,5.283158667011166,-1.0183581325290583,0.23792017088267214,18.968751430511478,8.064086030766969
1985,Rock,7.930574699500488,2.6894700206423767,-1.1358562662110523,0.14426994689893202,16.127544403076172,8.207243752949589
1986,Rock,9.823327519401323,2.3945960596772617,-1.2768422438787121,0.43400685055427873,16.56477165222168,8.152163868199388
1987,Rock,8.051549916143436,1.9055915513543253,-1.3478746039256004,0.04417107573700427,19.317569255828854,8.061960186796751
1988,Rock,12.331157115746398,4.388923165519877,-1.2037319082131233,-0.04922680856592437,18.369399547576908,5.383686350214695
1989,Rock,16.659635941298582,4.168468886136501,-1.1388908036007033,0.233787435900857,13.282587051391596,4.936266429263053
1990,Rock,20.198284425706877,2.6062368445743065,-1.5536544874537546,0.08719700907748401,15.839641571044922,6.21767640483335
1991,Rock,18.89343000001532,3.175218483673727,-1.4571089478418324,0.1518573472318872,12.651895523071287,7.413349748541459
1992,Rock,30.751504256233666,-0.7453160290740173,-1.284505888342951,-0.0895785236253355,14.769866943359375,6.040338289307269
1993,Rock,30.160085023715084,4.033712184826059,-1.357135369662742,0.48798505992981717,12.843062400817873,7.623872454830254
1994,Rock,13.988081040915375,2.577628773089302,-0.9654250148398176,-0.008065804894023915,17.853749275207523,7.993119989649916
1995,Rock,20.87245377407055,6.136403648371442,-0.994596264545259,0.15569450332125598,18.50838565826416,5.107102779111871
1996,Rock,21.630416070608618,1.278296819484867,-1.1647192850286292,0.3414249659419674,14.513189792633055,5.0939939803163465
1997,Rock,22.848728064544357,3.5442094827186996,-1.1885310809484855,0.15592869896759737,17.362172126770027,7.460615433778999
1998,Rock,13.199838390305862,1.7488404860855589,-0.7890084151832492,-0.16764910366116675,15.36435985565186,8.026753841323595
1999,Rock,11.932435362919549,0.16658590632905984,-0.1043026736733406,0.1115876255266496,18.30087661743164,10.84268164000676
2000,Rock,18.60658878312533,-2.5840334587693135,-0.8326618780615238,0.2762825521351035,13.183022499084474,4.674798315273133
2001,Rock,5.2498509723695586,-2.216291748525182,-0.7854087818178085,0.4222711740474356,17.556613922119144,16.092999608050572
2002,Rock,11.069532420175173,1.8779101187058929,-1.375219081140693,0.31398384301106025,8.058691024780275,7.5516482195989205
2003,Rock,5.967179409668408,5.431056164749346,-1.1653194056676277,1.0287437502724701,9.363362312316896,5.442584707082263
2004,Rock,-3.390927185064798,-1.219674522084532,-1.3063714165190683,0.8813933354419008,10.742667198181152,7.543933676604139
2005,Rock,-0.6083034757188172,0.7099443777860411,-0.5679771001496524,0.8404916351350208,11.373849868774414,20.200506271352705
2006,Rock,-0.6484374915286774,5.802744268852763,-0.7675814021547339,0.9187093554165406,13.286846160888672,7.7399744928685585
2007,Rock,-1.4183558444723037,-0.8812201160817343,-0.9364670579165165,0.917833249567825,12.731727600097662,8.05279268151857
2008,Rock,7.969014280139215,4.592167691098506,-1.2588993894239455,0.7037640400217279,12.326648712158205,6.322989545375129
2009,Rock,3.560827474632312,8.660820935379427,-1.2632010209728544,0.9680613885127902,14.267660140991213,8.005152536010801
2010,Rock,1.6071327753242837,0.3029051480543484,-0.6811042450765757,0.4329119251392831,15.072149276733393,4.569603627917454
2011,Rock,3.794089295298618,5.6383579263915165,-1.0152034206818992,0.62957836989568,11.037755966186523,4.314080548905906
2012,Rock,10.812074085679914,2.6488646135997915,-0.8345935043762848,0.9926516913057654,10.883405685424805,4.741812152840222
2013,Rock,5.91572188549932,-5.297495235815996,-1.7645328175692636,0.7442023238870487,9.647948265075684,3.393115918943252
1974,Vocal,-28.456964845554367,-4.591886195659176,-0.2766612793070107,1.6568537577594196,11.419257164001465,5.314556650827459
1975,Vocal,-43.89150480016249,-13.260121480982137,-1.8998649159282859,0.18453876765973173,7.132798194885254,2.478534465652092
1976,Vocal,-26.28634183216334,5.532597944760228,-2.021256059498617,-0.8926259486351522,4.0069055557250985,1.794975656311146
1977,Vocal,-27.446467112807873,-12.85723198841793,-2.035767392828975,0.3028469023687495,7.439476013183594,1.219200580579166
1978,Vocal,-22.41875150595784,-9.757441843451362,-2.5567223949379683,-0.14625284593566734,5.816721916198728,2.631198411994517
1979,Vocal,-1.729043245102846,11.87053991014927,-0.9969241117484328,-0.5471063537252372,7.037030220031737,4.237480786958597
1980,Vocal,-10.96171998056396,-4.213497390600876,-1.0412816716859687,0.8570314728973942,5.9705810546875,2.040288220723979
1981,Vocal,-5.648538756933718,-4.363614493844624,-1.736314770561487,0.29086359029324055,6.4361381530761745,2.105246157947272
1982,Vocal,2.671701427247913,-16.741366199780504,-1.5308092852042552,-0.2448853553769451,2.1143474578857417,2.5669961899495246
1983,Vocal,-10.705577934930934,-14.47699621741768,-1.4288031960191312,0.27170096437036595,7.000216484069824,2.7375391093969648
1984,Vocal,20.499389440405952,7.894628702478004,-2.0837869765435175,0.12303152243084943,2.854381561279297,2.257600235375956
1985,Vocal,-5.057966927020168,-3.1513131900296165,-0.3105751044214339,-0.14773311388555088,3.1129674911499037,1.0249830968430182
1986,Vocal,35.25807309784728,7.3313953907979785,-2.661329124621513,3.651070709996292,0.0,0.0
1987,Vocal,-44.5701566938147,-2.1763061128413317,-1.6780941791701343,0.24758398655266378,1.7382211685180646,0.9916944898549194
1988,Vocal,35.96485752066865,-8.064332993424843,-2.1367558962082,0.8544173471841667,2.072390556335451,1.7150660302824008
1989,Vocal,65.05464656741572,11.126028909007086,-4.024686289815759,0.217570187990376,0.0,0.0
1990,Vocal,45.05465220747716,23.052202992085547,-2.404810368768074,-0.06271240665629421,0.0,0.0
1991,Vocal,89.17993503164912,23.09200909439103,-3.0104857849433992,0.009726084406664776,0.0,0.0
1992,Vocal,-7.912693008858051,7.416615007860339,-3.7315129796036928,1.2495636626400406,0.0,0.0
1995,Vocal,-25.93960850637684,-30.46192661812393,-0.928872437435942,3.3050561064487516,0.0,0.0
1996,Vocal,-11.913122589014113,20.075228674822807,-2.963340731784763,0.1230704370746139,0.0,0.0
2001,Vocal,-62.281578620165554,-40.15409145084773,-0.9428733324780738,2.7643118086612755,0.0,0.0
2004,Vocal,5.858010340727139,4.970808348795978,-4.3467495334922335,-0.8441494762219098,9.5367431640625e-07,0.0
2005,Vocal,-4.0161173417479406,9.461037686137674,-2.286337285633119,0.888327684127556,0.0,0.0
2006,Vocal,-49.643035892888214,27.943689362763042,-2.2893131887309495,0.5309754366452555,0.0,1.3322676295501877e-15
2007,Vocal,-14.374489898202798,0.9010745757786317,-1.9475102485214757,-0.3748733561403469,0.0,4.440892098500626e-16
2008,Vocal,-10.822798350713041,19.07464956701254,-5.5025975759089345,-0.5710719976637927,0.0,0.0
2009,Vocal,4.403655436153509,-25.041239321922863,-1.210383689463477,2.469797611432881,1.5242109298706057,0.6628279339122867
2010,Vocal,19.797255753157,13.147475140407767,0.12167757533836399,0.0550554693204598,0.0,2.220446049250313e-16
2011,Vocal,-34.4638591484848,-19.784679663534828,-1.514793318330616,-0.7978178949836032,1.5527820587158183,1.148833496239117
2013,Vocal,-30.219051312840673,24.026551531754958,-4.154699815095584,-0.07343931217268776,0.0,0.0
1974,Pop,-49.060807474906525,6.821253959685496,-1.4142682723343727,1.0031585982110447,5.022040367126465,2.3650556631668334
1975,Pop,-46.14423540165897,1.0016335674164523,-1.3514572469505775,-0.026001307244861067,12.457324504852295,5.8965386315048525
1976,Pop,-24.83101733236171,5.086523831872127,-1.0547224225177307,0.16059159492837688,8.708672523498535,2.5080719794853024
1977,Pop,-15.092321451087088,-17.790028323414703,-1.532759050708328,0.627998890531536,5.594014167785644,5.000604721583882
1978,Pop,-21.399339564176007,-10.751763809344611,-1.2758095947003338,0.06291675128158064,5.353991508483887,2.8048536896154044
1979,Pop,-19.731580236416477,5.06397462709947,-2.1681903687119197,-0.6542916623940325,7.573723793029785,2.959382890104763
1980,Pop,-3.663981135137698,-1.9787154468200363,-1.5645898293548377,0.07767959779902571,5.446062088012695,5.246251563823785
1981,Pop,-7.640702680580663,-3.1827922615268323,-1.4321534816132202,0.28774774417269855,5.881297111511231,2.717810767758351
1982,Pop,-22.840801670197997,5.46105434411641,-1.5221295146684053,0.2843525146723453,5.704455375671384,1.7761558450081352
1983,Pop,0.8341069723484497,-9.798329862036788,-1.82575647286906,-0.40069521005327186,6.9975547790527335,5.420531826521706
1984,Pop,7.149853723596376,5.956748726200705,-0.9906906264797395,0.06619159416367738,17.177467823028564,3.469887105090424
1985,Pop,11.918371738875502,8.73999028006102,-1.674479818905046,-0.878096234310079,7.0552635192871085,1.4446380163551078
1986,Pop,12.59593385372,5.370500623162178,-1.085894766500384,-0.1173953514503966,6.289888381958008,2.372734196376669
1987,Pop,8.414546076823623,-2.9364409634523887,-1.948805186622149,-0.5828096874359745,14.032908439636225,5.443202366212126
1988,Pop,2.888940176943436,1.6093246865137352,-1.7277146005559858,-0.5497574638146263,7.4925174713134775,3.528955752350236
1989,Pop,14.634052669012517,1.0848543588513855,-1.8087398287745404,-0.06551956631639023,10.908277511596678,4.691707060615666
1990,Pop,3.5190658288751546,1.2427604760110236,-0.8788369476712653,-0.6871706328618427,9.655950546264648,3.517696713203774
1991,Pop,31.839916805831844,5.949328227890211,-2.814613904782781,-0.3232739440565324,7.02561092376709,3.301317412378386
1992,Pop,28.565490895822563,-2.345820812157713,-3.2162835078517666,0.19673586729083392,7.094286918640139,2.7339842040987192
1993,Pop,33.326179007142166,0.11444305869090951,-3.002742061659422,-1.1145086282296706,10.315878868103027,4.027587402598346
1994,Pop,1.469650677999376,5.643576934688787,-2.3197751332946055,0.6002747076491343,6.979019165039063,3.135634223942977
1995,Pop,25.57686068294846,-12.384447677297198,-0.9674566620128537,1.3237504076040871,7.4709196090698216,2.121599837104537
1996,Pop,30.59275935114505,-4.936597018694843,-4.011729101002475,1.6325111867113054,6.467811584472657,2.554011178707446
1997,Pop,0.30080234274005335,0.3383758149953321,-0.9600605997529674,-1.3303949378273932,7.824847221374513,5.394768732399021
1998,Pop,20.3804312166267,-5.104053921048629,-2.2569893557384697,-0.8958758343771557,10.589068412780763,5.4818216544182725
1999,Pop,3.696126601325818,-10.604918532655818,-2.3404474708115206,-0.43940077220106094,6.292524337768555,3.761537126427335
2000,Pop,-3.545652387581953,-16.379045139000436,-2.0666100601417745,-0.5465704926561517,5.910819053649902,2.496035419812165
2001,Pop,4.70204409539334,-0.7204020419466525,-0.23018706786106896,-0.18086115447791226,8.633317947387695,4.01625781905441
2002,Pop,10.87197787556207,-1.2290506756320743,-0.824269968892415,-0.5766050736370696,6.5069503784179705,7.9499734708993115
2003,Pop,16.67187353404848,-7.243968008916498,-0.38487894143926976,0.11268118828229914,6.125749588012695,3.180732362894434
2004,Pop,11.900467929846577,3.3340217920181865,-0.26570506858671916,-0.8325486941174053,4.781485557556152,6.463203650456456
2005,Pop,-13.381746060947016,13.63640774940903,-1.377935914608106,0.052937582855702825,10.10227870941162,2.6093934059748323
2006,Pop,-24.222431188018074,4.1468493236365545,-0.8723197878359569,-0.05679967774192493,11.722819328308105,3.6809284723945632
2007,Pop,-5.1513686314110085,6.69474477458134,-0.5131956204688847,-0.222179780394701,11.920873641967773,6.219600336527307
2008,Pop,-15.307813904807748,10.574738727938046,-0.45006343283199207,-0.2883994396478449,10.71511650085449,4.530590193259195
2009,Pop,-16.590207734437197,8.708511452259904,-0.5524538564159849,0.12576389152819323,16.246531009674072,6.962343245448201
2010,Pop,-11.639608988534109,4.363589487053269,-0.08521227833929365,-0.09288310680067716,14.4694013595581,5.356027933369521
2011,Pop,-12.911019044588247,6.539391357793546,-0.32595184800526833,0.20567018152503816,17.89639282226563,4.603445424033525
2012,Pop,-11.941658964617817,4.499727768053412,-0.5411090370445156,0.1281980242601822,20.950662136077877,5.830108712569718
2013,Pop,1.5015394624282743,1.7051260284359466,-0.10948344488170189,-0.5459362906546216,9.287354469299316,5.009436102669613
1974,Comedy,-13.188393236352773,-14.146100173866031,3.128202332143334,3.3541618320530997,3.4187202453613263,1.8062096919288133
1975,Comedy,13.4129840444055,8.635419090213222,3.159867299744872,1.50785991459215,1.1622743606567385,1.191272648777792
1976,Comedy,-42.68894423064575,-0.6135126969439285,1.3119121476199749,1.6578134150560322,1.3679752349853516,1.9021955883274917
1977,Comedy,-59.90970113608083,12.41398384991503,2.7879734115919184,2.3588564007798594,0.0,0.0
1978,Comedy,-26.455885507472242,-11.618228347986047,3.3785962191173358,1.2795978898322204,0.0,1.3322676295501877e-15
1979,Comedy,-57.239902662731865,3.6594408276970696,0.8561050742063585,4.148302274767465,0.0,0.0
1980,Comedy,-23.461540058647053,-36.90374898834533,-0.6453262465198103,2.428522872630256,0.0,0.0
1981,Comedy,-38.27124437841164,-1.1110794795295824,6.750041041330341,-1.9523066521915664,0.0,0.0
1983,Comedy,-75.8805844788363,29.994549719502878,3.3357316777042842,0.8868924236833036,0.0,0.0
1984,Comedy,-10.610444814756812,6.829278336906176,2.636334167784114,2.0118185945878295,3.1922206878662114,1.9966318729466304
1985,Comedy,11.71781210526149,6.920447494396107,1.6616373144374483,0.9769292953380949,2.1789836883544904,1.0528449437729537
1988,Comedy,6.780959040556551,-0.3452309324095745,3.824878207845792,1.3745027571090105,0.0,0.0
1989,Comedy,-34.705841082116265,80.02918650190365,-0.20668488488672926,-1.998923298056212,0.0,0.0
1991,Comedy,35.20000525251007,-17.110407016375785,5.511741207536357,6.776035842729614,0.0,0.0
1992,Comedy,-5.519371687592331,3.179899631570733,2.6150577065420872,1.4171769164627726,0.0,0.0
1993,Comedy,-38.43236447429471,0.07519012915760184,1.4403064778887054,-0.26123586510183605,0.0,0.0
1996,Comedy,-25.340904591101413,-37.86353649232492,0.6476980755999386,2.895707762636305,0.0,0.0
1997,Comedy,-19.324040472992213,25.311376428521605,3.5152181850140907,4.564087667976496,0.0,0.0
2006,Comedy,-75.22147436648015,41.02787678601865,3.1663207645990523,3.1340187055282804,0.0,1.7763568394002505e-15
2009,Comedy,-73.9778029746875,-12.909060666622093,3.238356826138154,-1.2605576284860913,0.0,1.3322676295501877e-15
2010,Comedy,-39.82005633907878,-44.79973271741197,7.247835451724999,13.179740673358127,0.0,0.0
2011,Comedy,-57.61795609360181,10.923615328208523,4.058971381553241,1.2297777452429517,1.2772951126098648,0.20388960738494102
2013,Comedy,-43.473893885169474,39.21861705088556,1.5876684900503701,5.089398798481759,0.0,0.0
1974,Folk,-7.664649627142821,-7.981035908822158,-1.2929703843150058,0.44529993541931173,2.8940210342407213,1.5307176509253209
1975,Folk,-39.50707285223402,-1.267152343676897,-1.0094494578584603,1.797856682650541,4.841230392456055,2.2274170684350088
1976,Folk,7.013906827363687,-3.4127802537962584,-0.9841198347470667,0.2580238336650214,2.7470989227294904,2.637752699629623
1977,Folk,-4.769660132466387,-25.78247555981844,-1.9964183415921863,0.7982815248947583,2.6291198730468768,1.8712437287852104
1978,Folk,-28.471091288903647,-4.782706592072021,-2.3367620099316504,0.5825095476325487,3.0928277969360334,0.8272812549755386
1979,Folk,-13.229032230238195,1.4460182307266496,-1.3810076249061987,0.20693707767315095,7.673243522644046,1.0211750810038818
1980,Folk,-21.430987182289027,13.658216090039543,-1.904727874676058,-0.17069677142860526,1.3796148300170898,0.9368683771598572
1981,Folk,14.641092975285567,18.73392277900969,0.8862180576332476,2.966697212727737,1.5454053878784182,0.8568039763207729
1982,Folk,-19.80232012607559,-2.5000690335236704,-3.355828465660115,1.2184400892736424,3.307672500610352,0.746735462043981
1984,Folk,-55.99507939292739,-5.623781345375101,-3.5484819529462914,0.08100020193238586,0.0,0.0
1986,Folk,-9.650952468919105,4.693793300094362,1.547919292543296,-4.180437315858702,0.0,0.0
1997,Folk,-17.025499750385134,21.845586253493448,-2.0841303507714355,0.005837817967224019,0.0,0.0
1998,Folk,-10.063602694097911,10.007199556021545,-1.4828681287657595,1.4666987199933677,2.1911058425903343,0.967636376903196
1999,Folk,-10.347059592880198,-37.14658270868023,-2.7843652102542533,3.8516787754700013,0.0,0.0
2001,Folk,-26.26676751447911,-26.262027674630314,-0.21388476577646306,1.5811566262021208,0.0,0.0
2009,Folk,-0.08100931190357168,61.135150505910225,-3.6801644689792123,0.5430295733399064,0.0,0.0
2010,Folk,-18.683967395789647,-1.4869994538055888,-1.9704563075983816,1.1906439414559815,0.0,4.440892098500626e-16
1974,New Age,-29.011704540430305,-17.383067078356852,0.11905671587644663,0.2611700850154281,0.0,0.0
1989,New Age,-4.01578302346912,-3.068597653949774,-2.4549278731322652,-0.6018842107400633,0.0,0.0
1991,New Age,17.41765311781279,-21.695556840487715,1.600548142884592,-0.9610781145012274,0.0,0.0
1992,New Age,5.555847109098456,40.069885855875036,-1.082578412434205,1.6699407177528396,0.0,0.0
1994,New Age,24.024785142756905,-28.57655851047866,-2.9505124392610766,1.2236308801424056,0.0,0.0
1995,New Age,30.373801700281184,6.116514373629221,-4.223034367023978,-0.792524145582823,0.0,0.0
1996,New Age,43.82838193675402,-18.301880523083906,-1.6760576254590347,0.34167904531657267,0.0,0.04694749919022589
1998,New Age,-34.22691964556503,-1.6190775098546455,0.7486347889256456,-2.0396961297309573,0.0,0.0
2001,New Age,-32.449562091044754,-37.11481648278179,-3.0341662342001725,0.8443987230503905,0.0,0.0
1974,Gospel,-24.770272249350377,11.463167261411053,-0.48578113390113975,2.47180724470713,0.0,0.0
1975,Gospel,-38.349065955703004,5.9198705625210435,0.9569697366832848,1.8802595991708368,0.0,4.440892098500626e-16
1976,Gospel,-36.042600893500406,-17.204148932948193,-1.5529078330163368,1.6971699645270029,0.0,1.3322676295501877e-15
1977,Gospel,-9.888124941160422,-42.68356851397956,-4.654618173705122,1.9353795007002492,0.0,0.0
1978,Gospel,-17.12764337540136,-3.3610460471412957,-2.1104833300656543,-0.17373489015474605,0.0,4.440892098500626e-16
1981,Gospel,-9.703256263387948,-7.148492846136886,-2.319143778172466,0.8350539969934555,0.0,0.0
1985,Gospel,-9.278519491545964,0.06456509096875764,-1.6751800114091757,1.0821809834373912,0.0,0.0
1988,Gospel,10.42323734567455,-24.04059533600321,-2.668036486086649,0.14894339033683535,3.2134604454040527,1.6586619975179184
1991,Gospel,4.413066406580541,4.199325290672569,-1.715654827518059,0.4588782723574528,4.920699119567871,0.8624012540994084
1992,Gospel,35.94336538616805,17.470428790323446,-3.1513952579345816,-0.14403106531189017,5.581127166748044,1.5896521183518502
1993,Gospel,6.012506332014064,34.55936038668415,-5.4509879588119015,-0.8148049881183635,0.0,0.0
1994,Gospel,5.695436459613717,-24.497685137391876,-2.8474436302186286,-1.411130572057733,0.8808164596557617,0.07479574843863124
1995,Gospel,-7.371524417836121,1.4399892581222944,-0.43254993595995633,0.853042532517464,0.0,8.881784197001252e-16
1996,Gospel,-17.935013925511626,-4.3708756237587885,-5.290087827786555,-2.751073814584552,0.0,0.0
1998,Gospel,1.3329565732733015,-7.336450121330354,-0.5305307274219891,0.04791368461746191,0.0,0.0
2000,Gospel,33.815732222787176,-11.993180938692452,-2.240346013020981,-0.42533354875398355,0.0,0.0
2002,Gospel,-12.534846658125923,15.929761694364679,1.0567916206415615,-1.2407485218493792,0.0,8.881784197001252e-16
2003,Gospel,-5.599858850660423,-0.22035788752121552,-2.5503862283805456,0.07776331008587264,2.3366613388061523,0.9621121571949094
2008,Gospel,188.8147429423952,-18.648561776882957,-2.5307980668296763,0.2284367063160825,0.0,0.0
2009,Gospel,-42.74083605544679,55.207515267015154,5.191322596770019,-0.22210855084017797,0.0,0.0
2011,Gospel,-23.777732999523973,-19.47892680079037,-1.079050340436242,1.365642412866423,0.0,0.0
1982,Gospel,-40.90761524951592,69.44649808997686,-1.9529918606037777,-2.6178197003849037,0.0,0.0
1974,Electronica,-92.02164861000824,-19.535454237613695,0.1229495480685391,0.2605414237388426,0.0,0.0
1975,Electronica,-18.36530746896208,-37.0873251728037,1.3728856535648397,0.592271347416149,0.0,0.0
1976,Electronica,13.142215634395944,1.7515021903365553,-1.9866921512508116,-0.28492111362036365,0.0,0.0
1977,Electronica,-56.504988216575526,0.7745840499258059,0.5721040679678885,3.2131186964106186,0.0,0.0
1978,Electronica,11.799075391666692,2.08163047551531,0.5678287422231705,-0.9736482879759565,9.636592864990234,0.6901480438231857
1979,Electronica,-6.271637394697145,0.002347785250860603,-1.5587631300030267,-0.5712404222499632,4.588916778564451,0.967404170074868
1980,Electronica,-16.804851493004062,-6.719857598701808,-1.2874024696429722,-0.840210680443511,2.0939197540283185,1.9532154926815344
1981,Electronica,-40.31275405060138,49.27350192868972,-0.6534615011499094,-0.8789142384927519,0.0,0.0
1982,Electronica,-0.18239632805921416,3.125457297851785,-3.9552359159365977,-1.0822592992499096,1.8049297332763672,2.7708872081847358
1983,Electronica,-16.93509262700121,16.90696313775687,-1.56875226439561,1.0672932963541006,7.309693336486816,3.8735062319832116
1984,Electronica,20.358604185069314,2.333200337078563,-2.4158840847367786,-0.05536652493433969,4.406391143798828,2.149640430818684
1985,Electronica,-19.204338112526543,-1.7098478643816946,0.4043995375980435,0.5460051113022247,5.8266844749450675,2.038237206358694
1986,Electronica,17.810791460292563,-0.40696056345939535,-1.158864788758674,0.1760544305945961,3.549145698547365,0.8088654406080031
1987,Electronica,-1.0294964666396578,4.4354365186584905,-1.1453205650173597,0.3168893952767683,10.225090980529787,3.200382000449992
1988,Electronica,6.765753129350849,7.546496557996479,-0.28518253166066676,-0.29551078677496384,8.214862823486326,3.076520240705967
1989,Electronica,-0.19215127017821412,-0.0577663949026171,-0.5982102223397279,-1.2985071735301412,11.362095832824707,3.9247882876983295
1990,Electronica,5.8883856700111945,3.1679658830724517,0.10723258787460782,-0.9240087916568496,13.813872337341307,4.119639326462104
1991,Electronica,9.911554871156305,6.730297486130387,-0.7167887381928129,-0.43620535088791434,9.034309387207033,3.6949323917621615
1992,Electronica,28.525130231478855,7.505780739033191,-0.3179917466738884,-0.16641232293615296,12.694031715393065,4.7648030618313655
1993,Electronica,29.99751374576863,7.398263399641101,0.012324967117868684,-0.9976891365501467,12.437469482421873,4.2890242263927725
1994,Electronica,21.244297526081077,3.485857980158471,1.1790301205911355,-1.1082519716171468,17.68822622299194,9.447620188589317
1995,Electronica,2.6789999195919143,10.007837511144631,1.0923747084657494,-1.1882549063787036,16.419157981872555,8.11921877705472
1996,Electronica,16.428623328709552,7.325569525437836,-0.6818042734914451,-0.7886690506897351,16.67172241210938,2.3793143711018105
1997,Electronica,0.5757558329595321,6.069556984732058,-0.7926994034850363,-1.196855942450025,16.298379898071293,9.424697486944183
1998,Electronica,4.55547680493655,2.5749528777504946,1.5205470389131543,-1.5590566379895583,14.506989479064936,2.9634478594085087
1999,Electronica,94.6723861625015,4.715010241605471,-2.0180704927971305,-1.5095293344202925,0.0,0.0
2000,Electronica,19.454469222382208,19.168137930182997,1.2040059849093323,0.24066795229542257,13.7018461227417,1.6675530477334461
2001,Electronica,12.091179754968937,8.668519037460484,0.26359067312064555,-1.4630326583244029,17.048208236694336,2.5374273728678363
2002,Electronica,-10.913404243981228,-4.86701848993052,-1.0325802880756323,-0.20764459829623746,5.471479415893552,1.4699589179259798
2003,Electronica,79.52577843190821,5.888194967502453,0.9194399867451035,-0.00945481619895327,3.0283021926879883,0.6472835410777149
2004,Electronica,-11.128626792820958,14.850584174267338,-3.141937259143327,-2.3585777168131994,1.3335771560668943,1.4023854051008608
2005,Electronica,-12.639209482790763,-46.830726047606824,-3.033449311679206,1.492563555573443,0.0,0.0
2006,Electronica,-5.241813861164124,12.398151594970011,-3.579712301271637,0.1928333686451589,0.0,1.1102230246251563e-15
2007,Electronica,1.9013361340570065,11.263841102899665,9.863241109567815,-1.9999976351931519,0.0,0.0
2008,Electronica,4.626904328852728,5.800283111542824,1.2425803349828943,-0.7620257768150323,11.764479637145994,2.0438748078123417
2009,Electronica,-18.12738726353198,2.4197809606064618,1.390997677625746,-1.009440976522522,9.642886161804196,3.8539097041161514
2010,Electronica,-12.403816954227743,7.745270372876332,2.2390199124613095,-0.47804149177129257,11.473294734954836,2.4258768367922423
2011,Electronica,-1.261957582904508,12.6468474910588,1.8569983574873985,-2.233654657939785,8.514310836791992,6.477114669395094
2012,Electronica,7.63680244892626,13.040283277944571,2.068474451038834,-0.6493732342559674,24.80348253250122,4.4074781912533165
2013,Electronica,10.703491925756001,6.61680516708424,-0.7383822628744352,1.4192850826514323,11.411545753479006,1.412267595767864
1974,Jazz,-36.622564316994975,-26.639210177741,0.11893657590770554,0.2627821138835709,0.0022872369736432994,1.2183324486453857
1975,Jazz,-33.8368763927342,-25.55441880132787,0.3076233082162395,-1.7319956706014754,11.682413101196294,1.5855381036638332
1976,Jazz,-12.37575318423483,-18.690961109419824,-0.8543105389599215,-0.11830490196004126,11.234669208526613,1.3959405009935382
1977,Jazz,-22.768840844828766,5.213928239978828,-2.4929887686364474,-0.08179010741829519,4.2800817489624015,3.5648503016609108
1978,Jazz,-7.9430180885667845,-10.754195099213268,0.22579187718010527,1.8540059382048322,10.102915287017822,4.492105804448215
1979,Jazz,8.128892476569774,-1.1841213187387822,-1.0920819270874396,-0.02017818177342288,7.631590843200684,3.18111003191198
1980,Jazz,0.8523917659838566,-5.946030834625171,-2.1820546793606965,-1.2865588827654788,9.283771514892578,1.7388053611148986
1981,Jazz,15.720834325031927,-27.020055016250936,-1.7388627684958848,-0.37721739040616653,6.185895919799805,0.3891630567565434
1982,Jazz,-1.2556432830945827,-5.596185191652528,-1.5748461864982732,-1.6362911451304207,8.716890811920166,1.6665951189617811
1983,Jazz,6.504319137828063,-3.148345750069291,-1.9026869006879519,-1.3229563518430827,5.735641002655027,1.241514876198766
1984,Jazz,64.63580977173422,-9.116395144420826,-3.9200722680255637,-5.323172349298954,0.0,0.0
1985,Jazz,-24.4181401089284,-3.10263015723467,-1.1870897285539441,2.3206444553071863,5.517024040222168,1.059500507358053
1986,Jazz,5.439686234684918,16.541008930432135,-2.4043693097553747,0.7303679344173949,0.0,4.440892098500626e-16
1987,Jazz,30.011944511541355,-6.855404344733476,-2.6562755261860445,0.018998417542976282,1.3567419052124006,1.3582850498798402
1988,Jazz,-88.89887625375586,-33.54638093114296,-2.342296288606095,1.6194364457029766,0.0,0.0
1989,Jazz,37.402849372106616,-6.95431852343984,-1.6321088376115316,0.6663530098979886,0.0,0.0
1990,Jazz,100.41195318368985,-30.045803465389284,1.8677546358322168,-4.644045695698015,0.0,0.0
1991,Jazz,27.29683340777143,0.4471208909972041,-3.3003039787405815,0.4498479643167864,0.0,4.440892098500626e-16
1992,Jazz,31.920214143962788,18.030669640193537,-1.0819746695148644,-0.5370511820382587,4.406778335571287,1.8595696221881293
1993,Jazz,67.51885874625302,-0.9184600130337941,-0.9422676527753652,0.6368633852454991,4.833453178405762,0.9309360621530038
1995,Jazz,31.742294629146627,26.772282980324228,-2.6369607823860726,0.5337554296773113,0.0,0.0
1996,Jazz,122.38951570445066,72.17726320171289,-0.6297403368119437,-1.0005626665805256,0.0,0.0
1997,Jazz,1.903762914001916,-2.3467646914166074,-2.8106711700202824,-0.3704183285979933,0.0,0.0
2000,Jazz,244.22425442957513,-22.280438394343403,2.1259529826503676,5.863775766299231,0.0,0.0
1975,Easy,-21.774742249719832,13.23608933558752,-1.0797501743417144,-0.9590059698980521,2.675295352935789,0.16294124463689474
1976,Easy,-36.7203659711619,-21.792363465626806,0.11494638781693652,0.2624886932875569,0.0,0.0
1977,Easy,-67.67593440787206,-4.016434513200078,0.11361140526469787,0.2637040787907273,0.0,0.0
1978,Easy,-33.082026998728466,-29.750353269220355,-2.9037628592621894,0.5716645652045105,0.0,0.0
1979,Easy,-20.93072268961586,7.614597066444762,0.051049564655263766,-1.3153236680452298,3.2859420776367188,1.2724381540920768
1980,Easy,-5.204508587704791,-7.40348767743578,-1.4698167957708104,-0.16883325220765547,0.0,0.0
1981,Easy,-0.3386495103015983,-37.131543743248024,0.10598864916619741,3.9165095787965414,0.0,0.0
1982,Easy,-28.222619828992986,10.983667171509046,2.249246056064637,-1.2265643546129863,0.0,0.0
1983,Easy,11.399876402542077,-8.035516783499698,-2.5327880411334087,0.49754695033380136,3.9817476272582986,1.1362066722769717
1984,Easy,11.324092966473334,-13.640982892656526,-1.7467738764307286,0.259567530599733,0.0,0.0
1985,Easy,-48.06006056692469,-4.948375612611051,6.830982717602352,2.924945592161787,0.0,0.0
1987,Easy,12.95175265999668,-14.959649902058425,-0.7167970394444686,0.01507051815514529,5.066073417663574,0.5654122977798628
1994,Easy,-4.227604825984682,11.98993091192023,-4.697492693382669,-0.2410634735022548,0.0,0.0
2013,Easy,49.036047500772625,10.479214228574607,-4.174624207858355,4.317213183500536,0.0,0.0
1975,Reggae,-15.588247676362961,-9.433472906787527,2.1342606228193164,3.3417924415736757,0.0,0.0
1976,Reggae,-35.67020324664585,9.758272893651068,3.129378773119238,0.7996983977913391,0.0,0.0
1978,Reggae,-3.1054448545853726,-27.250753622797745,-3.2716410808983034,2.186480505486749,0.0,0.0
1979,Reggae,6.119708947483432,7.924753952243593,-0.4377663412862792,-3.574781174947954,0.0,0.0
1983,Reggae,-5.235611580832146,-0.7241315026423979,2.4812975946821823,-1.616339170812592,3.910101890563965,0.7971376054986186
1984,Reggae,-31.577984264090272,14.98620379277466,-1.6809085779100594,-1.6712558536621644,0.0,0.0
1987,Reggae,-43.99501294592628,-18.01317093842869,2.2010287109142923,-1.5855864296755073,0.0,0.0
1988,Reggae,-15.473534203877529,-23.3984850205749,-2.935395763226016,4.997692500522261,0.0,0.0
1989,Reggae,-10.527071379583917,-34.50623717304573,-1.155945052450245,-0.3565821166833456,0.0,0.0
1990,Reggae,11.957198429630573,-14.783033481223793,-0.7371059653137554,-2.356043754231638,0.0,2.220446049250313e-16
1991,Reggae,-13.80053958449916,18.914979093380047,-1.5897773570594078,-0.33791537836494445,0.0,4.440892098500626e-16
1992,Reggae,15.643828905899104,-23.699678259679562,-4.159773736306004,-9.874904082060935,0.0,0.0
1993,Reggae,2.862982451122084,27.556539637525976,3.0658341570808245,-2.6756442364047435,5.6787872314453125,2.6821113702666253
1994,Reggae,-4.365239505826138,2.837837875266035,2.586229037326876,-2.5369216720464136,12.720939636230463,3.1129546846732987
1995,Reggae,33.21747603013145,-10.918674780087485,7.566512177875811,-1.0973812743125662,4.803206443786621,1.2369471767357123
1996,Reggae,10.13632297751622,1.7801940568259746,0.42269371582858384,-0.6619672861833427,0.0,8.881784197001252e-16
1997,Reggae,10.722518275204193,-24.623333899518062,3.3496151054969445,-4.685172487864758,0.0,4.440892098500626e-16
1998,Reggae,-3.7943759555975114,-24.79464044813782,4.970538354183807,-5.389067634900963,5.116446495056153,1.801708640777051
2000,Reggae,28.11156500977888,9.449746227445699,6.316771910878648,-1.993138750841435,0.0,0.0
2001,Reggae,4.434291133399651,-27.28844697233007,3.436609509959981,-1.0067604075992906,0.0,4.440892098500626e-16
2002,Reggae,-11.614075680819234,-14.613906582379334,6.721664654581124,-3.271947179454504,0.0,8.881784197001252e-16
2003,Reggae,-4.833443287781318,-27.462927877341702,7.505973354370431,-3.5011224246883903,1.7009792327880895,1.7189838968172504
2004,Reggae,7.0912030908680235,-12.652544721857987,8.09452154200333,-6.559675572160847,6.073350906372073,1.849039807043884
2005,Reggae,-16.37480158651225,1.1484470694948519,7.070256775080744,0.7682579656378142,2.3458480834960938,1.4454765438098356
2006,Reggae,39.340065982669934,-8.922116675180316,4.924126617942342,-3.822565793777257,2.3556842803955096,0.9753275167265404
2009,Reggae,5.84324980621513,-4.443976578913389,3.987163209542918,-2.65919318204429,4.334050178527834,1.2222934098718048
2010,Reggae,-8.865969284812135,7.179574742980449,1.8043686010676483,-2.5501350901601074,0.0,0.0
2011,Reggae,-15.512805364764032,53.31994824486711,6.610241917535831,-3.3141959729021577,0.0,8.881784197001252e-16
2012,Reggae,-1.433853953924074,2.130711593222749,7.7401465731997465,-9.183142432432993,0.0,0.0
1975,Rap,-12.959309722141962,-17.464205020260263,-0.8316325229030724,-1.5433868372361503,0.0,0.0
1977,Rap,-43.17771768481,-2.8285829628792767,-0.971407051534495,2.5548916247285565,0.0,0.0
1978,Rap,-27.15898552890445,61.08905520667438,0.047202667095177175,-4.773440689533083,0.0,0.0
1979,Rap,-22.000695166280266,8.585524094136293,-2.364964313645102,-2.431003612400588,0.0,0.0
1980,Rap,42.01340557039174,-1.9477233301902674,4.541965914465167,2.277261214692289,0.0,0.0
1981,Rap,8.430234503051137,-7.983745860448143,7.4912309338751895,-2.266482270501933,0.0,0.0
1982,Rap,47.33268215078176,7.244928065069182,4.641120461387861,0.1647486906611018,0.0,0.0
1984,Rap,3.872116955708498,11.093274415030846,3.093775965599113,0.7522765722754556,0.0,1.3322676295501877e-15
1985,Rap,-10.048033980725592,47.26134562336048,3.44040439414823,2.5481081215122,1.0028429031372088,3.2224552648764844
1986,Rap,29.985516626277427,-2.1505762837529354,6.114360647227773,0.9397065089241167,0.5644578933715838,1.5645607969368704
1987,Rap,-14.019728010965348,1.7606170583300835,3.415713994329758,1.3850357636269475,2.049803733825684,1.2674303804455025
1988,Rap,18.92511230048452,12.904141947276338,4.114869481792423,1.0682730978594763,9.080341339111328,1.7059683747846697
1989,Rap,17.03786109693418,2.617643957760503,3.9214242137065796,0.4243637599450484,7.690660476684573,2.2634722380774672
1990,Rap,17.807836408190905,0.4420781862121473,3.6278793749352825,0.6049123469780128,11.195752143859863,3.214065228157278
1991,Rap,18.14371699103611,-2.640118732397597,3.249301868138008,-0.05417938487483282,10.239845275878901,4.389280792284199
1992,Rap,22.341601526544576,-8.397682780087871,4.487289558454414,1.1917237583378675,19.02688407897949,4.772628478711104
1993,Rap,21.469930568849627,-4.123040229781279,5.503629350061958,0.7826723607279972,19.707070350646973,8.561341602159608
1994,Rap,23.13122432320145,-2.1361145820886596,5.640370151560608,0.9720871441821773,13.66141414642334,6.819480466115137
1995,Rap,31.018407815026944,-13.970960021973644,5.4069114404921805,1.2178493743579502,12.019145011901855,11.029255838591263
1996,Rap,20.452298143234284,-14.598242585105163,4.938334065192348,0.6216591334164283,15.230871200561525,6.776986023858689
1997,Rap,29.66961768069927,-12.405122592397113,4.912704169576635,0.9720403576568983,13.443225860595705,6.490478455743164
1998,Rap,21.886285445804095,-5.686277675142304,4.951575324560282,1.3017374247296116,12.228150367736815,4.250696436481697
1999,Rap,20.813217539816186,-3.5829157253196873,6.061529557974277,1.3626562407489984,9.550209999084473,6.1755563233564335
2000,Rap,13.963634243463732,-5.205218985063941,6.266549276096694,1.2005642621866246,11.891709327697756,7.0092213537399495
2001,Rap,16.134159089265655,-6.803910627374212,6.632136184477938,1.0794786861345245,11.338386535644533,6.667977465321277
2002,Rap,18.940364642980693,-5.974199124809584,5.965288499454744,0.5452953759450306,15.069934844970698,5.142097322303567
2003,Rap,20.877810272024867,-7.992213235357346,6.290214302234806,0.6601773330865862,15.749677658081053,6.6104462168943945
2004,Rap,17.192471166105282,-4.451242460463691,6.236188888537579,0.790210004050308,11.207757949829102,8.179021864093906
2005,Rap,12.147795019714103,-9.417695441006405,5.622660486080005,1.196080992378001,13.827564239501955,4.536016370415556
2006,Rap,9.11703914213644,-5.342126351103147,6.720240300907181,0.7442992401681975,17.238896369934082,6.750017871688815
2007,Rap,12.140632668276677,-11.966613925004287,6.777078815971942,0.7250264652417694,19.093288421630856,6.8496426916947915
2008,Rap,15.66651677384205,1.749211591189213,6.101331840745668,0.2808362499675652,13.42502498626709,5.699214270628008
2009,Rap,18.575947272451884,4.028158781399311,5.163319404797878,0.4732918899843177,17.34025764465332,7.184710957148086
2010,Rap,20.128396560294323,3.32884949087697,4.425530943955168,1.0305745108954887,17.411276340484623,7.164268424818898
2011,Rap,8.83181377759019,-1.077307858127206,4.813901746224978,0.9916834218411802,21.309945106506348,3.993282498192742
2012,Rap,9.946029935326072,9.12502531890454,5.520154675043374,1.0476867316726826,14.579200744628904,5.15859691805557
2013,Rap,14.808208176829853,5.702736426653864,5.573834494957186,1.327578246899411,15.526140213012694,3.9565440313413966
1976,Children's,-30.99296402101529,-17.09653756865796,2.6369434418695925,1.5829080321094118,0.0,0.0
1979,Children's,-32.957453445042724,-5.501042734039893,-1.7815900252759438,2.1755482575166356,0.0,0.0
2008,Children's,-50.24419819134251,-14.508954428531196,-0.5073894176724951,0.5378934681179363,0.0,3.0227458589534733
2009,Children's,-23.782687206822292,18.573423769314065,-1.6991427820004814,-0.7440642935397359,0.0,0.0
1986,Latin,-22.061942009499216,-3.5124783154620616,-2.2870656224561654,-3.2400258897693437,0.0,0.0
1990,Latin,-5.381342503846477,1.0207493778484313,1.0563979265791186,-3.032998182275735,0.0,0.0
1992,Latin,8.04058301632646,9.436456649486516,-3.23453285475768,-4.452157856000138,0.0,0.0
1995,Latin,21.549477485671208,15.642302256067458,-0.6164189718503501,-0.5054513334598123,4.857934474945068,1.9623249495308404
1996,Latin,27.577536487250327,-12.518799840041531,2.2665568477989404,-1.1264189840136836,6.255815982818604,1.8030813512901227
1998,Latin,75.01559868393792,12.28808284172811,3.7828382852447793,-2.3794856793541443,0.0,0.0
1999,Latin,-9.359796230474371,0.7810071128573144,-2.4482781879811846,-3.162549697988136,0.0,0.0
2000,Latin,41.395396634795716,6.1399867174786795,-1.6658478544355322,-0.35310005154954854,3.5033884048461914,2.4394441682400254
2001,Latin,0.7607862195362716,12.369394361244959,-2.1178489329967713,-0.253876124216257,0.0,0.0
2002,Latin,2.4672264193821483,9.844730634399662,-1.1324649397390638,-0.9551767232876416,7.4991559982299805,3.4083438038480716
2003,Latin,-18.133240069840504,-27.057899459037113,2.627558013043717,-3.3263119884931185,0.0,0.0
2005,Latin,-6.721317316614893,0.7782813641968104,3.046842055283445,-1.2668527933339326,8.613014698028563,2.4790343834121917
2006,Latin,-4.6175384006770495,14.826240294397126,3.045412390259151,-1.9071905947073837,7.939030647277832,5.313692265837312
2007,Latin,-20.945732687753807,-15.071545404468397,5.2219585691164285,-2.1063034286639106,8.401731491088865,1.9843392067038723
2008,Latin,0.5040319054857361,-5.1621264538266525,1.5952209431674593,-0.5510697470590045,3.9021039009094234,1.0744244809001553
2009,Latin,-43.41689763630597,0.3621365514143741,1.397711615679303,-1.0056685473604479,0.0,4.440892098500626e-16
2010,Latin,-25.544281246896144,-2.3623360977948407,2.59552042197628,-1.3112821930731648,7.387553691864015,1.7147565895044146
2011,Latin,16.909172963352933,11.312954900939062,0.9881490980830587,-2.454993182498928,9.88727855682373,1.3296347856208257
2012,Latin,-26.469511120911683,-2.6920963951095946,1.0207688397604258,-1.2212075590438003,5.218759536743164,1.1902017751439562
